pcode,divisionPcode,nameEn,nameBn
BD1004,BD10,Barguna,
BD1006,BD10,Barishal,
BD1009,BD10,Bhola,
BD1042,BD10,Jhalokati,
BD1078,BD10,Patuakhali,
BD1079,BD10,Pirojpur,
BD2003,BD20,Bandarban,
BD2012,BD20,Brahmanbaria,
BD2013,BD20,Chandpur,
BD2015,BD20,Chattogram,
BD2019,BD20,Cumilla,
BD2022,BD20,Cox's Bazar,
BD2030,BD20,Feni,
BD2046,BD20,Khagrachhari,
BD2051,BD20,Lakshmipur,
BD2075,BD20,Noakhali,
BD2084,BD20,Rangamati,
BD3026,BD30,Dhaka,
BD3029,BD30,Faridpur,
BD3033,BD30,Gazipur,
BD3035,BD30,Gopalganj,
BD3048,BD30,Kishoreganj,
BD3054,BD30,Madaripur,
BD3056,BD30,Manikganj,
BD3059,BD30,Munshiganj,
BD3067,BD30,Narayanganj,
BD3068,BD30,Narsingdi,
BD3082,BD30,Rajbari,
BD3086,BD30,Shariatpur,
BD3093,BD30,Tangail,
BD4001,BD40,Bagerhat,
BD4018,BD40,Chuadanga,
BD4041,BD40,Jashore,
BD4044,BD40,Jhenaidah,
BD4047,BD40,Khulna,
BD4050,BD40,Kushtia,
BD4055,BD40,Magura,
BD4057,BD40,Meherpur,
BD4065,BD40,Narail,
BD4087,BD40,Satkhira,
BD4539,BD45,Jamalpur,
BD4561,BD45,Mymensingh,
BD4572,BD45,Netrakona,
BD4589,BD45,Sherpur,
BD5010,BD50,Bogura,
BD5038,BD50,Joypurhat,
BD5064,BD50,Naogaon,
BD5069,BD50,Natore,
BD5070,BD50,Chapainababganj,
BD5076,BD50,Pabna,
BD5081,BD50,Rajshahi,
BD5088,BD50,Sirajganj,
BD5527,BD55,Dinajpur,
BD5532,BD55,Gaibandha,
BD5549,BD55,Kurigram,
BD5552,BD55,Lalmonirhat,
BD5573,BD55,Nilphamari,
BD5577,BD55,Panchagarh,
BD5585,BD55,Rangpur,
BD5594,BD55,Thakurgaon,
BD6036,BD60,Habiganj,
BD6058,BD60,Moulvibazar,
BD6090,BD60,Sunamganj,
BD6091,BD60,Sylhet,