pcode,districtPcode,nameEn,nameBn
BD20030004,BD2003,Alikadam,
BD20030014,BD2003,Bandarban Sadar,
BD20030051,BD2003,Lama,
BD20030073,BD2003,Naikkhongchhari,
BD20030089,BD2003,Rowangchhari,
BD20030091,BD2003,Ruma,
BD20030095,BD2003,Thanchi,
BD20120002,BD2012,Akhaura,
BD20120033,BD2012,Ashuganj,
BD20120004,BD2012,Banchharampur,
BD20120007,BD2012,Bijoynagar,
BD20120013,BD2012,Brahmanbaria Sadar,
BD20120063,BD2012,Kasba,
BD20120085,BD2012,Nabinagar,
BD20120090,BD2012,Nasirnagar,
BD20120094,BD2012,Sarail,
BD20130022,BD2013,Chandpur Sadar,
BD20130045,BD2013,Faridganj,
BD20130047,BD2013,Haimchar,
BD20130049,BD2013,Hajiganj,
BD20130058,BD2013,Kachua,
BD20130076,BD2013,Matlab Dakkhin,
BD20130079,BD2013,Matlab Uttar,
BD20130095,BD2013,Shahrasti,
BD20150004,BD2015,Anwara,
BD20150008,BD2015,Banshkhali,
BD20150012,BD2015,Boalkhali,
BD20150018,BD2015,Chandanaish,
BD20150033,BD2015,Fatikchhari,
BD20150037,BD2015,Hathazari,
BD20150039,BD2015,Karnaphuli,
BD20150047,BD2015,Lohagara,
BD20150053,BD2015,Mirsarai,
BD20150061,BD2015,Patiya,
BD20150070,BD2015,Rangunia,
BD20150074,BD2015,Raozan,
BD20150078,BD2015,Sandwip,
BD20150082,BD2015,Satkania,
BD20150086,BD2015,Sitakunda,
BD20220016,BD2022,Chakaria,
BD20220024,BD2022,Coxs Bazar Sadar,
BD20220032,BD2022,Eidgaon,
BD20220045,BD2022,Kutubdia,
BD20220049,BD2022,Maheshkhali,
BD20220056,BD2022,Pekua,
BD20220066,BD2022,Ramu,
BD20220090,BD2022,Teknaf,
BD20220094,BD2022,Ukhia,
BD20190067,BD2019,Adarsha Sadar,
BD20190009,BD2019,Barura,
BD20190015,BD2019,Brahmanpara,
BD20190018,BD2019,Burichang,
BD20190027,BD2019,Chandina,
BD20190031,BD2019,Chauddagram,
BD20190036,BD2019,Daudkandi,
BD20190040,BD2019,Debidwar,
BD20190054,BD2019,Homna,
BD20190072,BD2019,Laksam,
BD20190073,BD2019,Lalmai,
BD20190074,BD2019,Manoharganj,
BD20190075,BD2019,Meghna,
BD20190081,BD2019,Muradnagar,
BD20190087,BD2019,Nangalkot,
BD20190033,BD2019,Sadar Dakkhin,
BD20190094,BD2019,Titas,
BD20300014,BD2030,Chhagalnaiya,
BD20300025,BD2030,Daganbhuiyan,
BD20300029,BD2030,Feni Sadar,
BD20300041,BD2030,Fulgazi,
BD20300051,BD2030,Parashuram,
BD20300094,BD2030,Sonagazi,
BD20460043,BD2046,Dighinala,
BD20460047,BD2046,Guimara,
BD20460049,BD2046,Khagrachhari Sadar,
BD20460061,BD2046,Lakkhichhari,
BD20460065,BD2046,Mahalchhari,
BD20460067,BD2046,Manikchhari,
BD20460070,BD2046,Matiranga,
BD20460077,BD2046,Panchhari,
BD20460080,BD2046,Ramgarh,
BD20510033,BD2051,Kamalnagar,
BD20510043,BD2051,Lakshmipur Sadar,
BD20510058,BD2051,Raipur,
BD20510065,BD2051,Ramganj,
BD20510073,BD2051,Ramgati,
BD20750007,BD2075,Begumganj,
BD20750010,BD2075,Chatkhil,
BD20750021,BD2075,Companiganj,
BD20750036,BD2075,Hatiya,
BD20750047,BD2075,Kabirhat,
BD20750087,BD2075,Noakhali Sadar,
BD20750080,BD2075,Senbag,
BD20750083,BD2075,Sonaimuri,
BD20750085,BD2075,Subarnachar,
BD20840007,BD2084,Baghaichhari,
BD20840021,BD2084,Barkal,
BD20840029,BD2084,Belaichhari,
BD20840047,BD2084,Jurachhari,
BD20840036,BD2084,Kaptai,
BD20840025,BD2084,Kawkhali,
BD20840058,BD2084,Langadu,
BD20840075,BD2084,Naniarchar,
BD20840078,BD2084,Rajasthali,
BD20840087,BD2084,Rangamati Sadar,
BD30260014,BD3026,Dhamrai,
BD30260018,BD3026,Dohar,
BD30260038,BD3026,Keraniganj,
BD30260062,BD3026,Nawabganj,
BD30260072,BD3026,Savar,
BD30290003,BD3029,Alfadanga,
BD30290010,BD3029,Bhanga,
BD30290018,BD3029,Boalmari,
BD30290021,BD3029,Char Bhadrasan,
BD30290047,BD3029,Faridpur Sadar,
BD30290056,BD3029,Madhukhali,
BD30290062,BD3029,Nagarkanda,
BD30290084,BD3029,Sadarpur,
BD30290090,BD3029,Saltha,
BD30330030,BD3033,Gazipur Sadar,
BD30330032,BD3033,Kaliakair,
BD30330034,BD3033,Kaliganj,
BD30330036,BD3033,Kapasia,
BD30330086,BD3033,Sreepur,
BD30350032,BD3035,Gopalganj Sadar,
BD30350043,BD3035,Kashiani,
BD30350051,BD3035,Kotalipara,
BD30350058,BD3035,Muksudpur,
BD30350091,BD3035,Tungipara,
BD30480002,BD3048,Austagram,
BD30480006,BD3048,Bajitpur,
BD30480011,BD3048,Bhairab,
BD30480027,BD3048,Hossainpur,
BD30480033,BD3048,Itna,
BD30480042,BD3048,Karimganj,
BD30480045,BD3048,Katiadi,
BD30480049,BD3048,Kishoreganj Sadar,
BD30480054,BD3048,Kuliarchar,
BD30480059,BD3048,Mithamain,
BD30480076,BD3048,Nikli,
BD30480079,BD3048,Pakundia,
BD30480092,BD3048,Tarail,
BD30540018,BD3054,Dasar,
BD30540040,BD3054,Kalkini,
BD30540054,BD3054,Madaripur Sadar,
BD30540080,BD3054,Rajoir,
BD30540087,BD3054,Shibchar,
BD30560010,BD3056,Daulatpur,
BD30560022,BD3056,Ghior,
BD30560028,BD3056,Harirampur,
BD30560046,BD3056,Manikganj Sadar,
BD30560070,BD3056,Saturia,
BD30560078,BD3056,Shibalay,
BD30560082,BD3056,Singair,
BD30590024,BD3059,Gazaria,
BD30590044,BD3059,Louhajang,
BD30590056,BD3059,Munshiganj Sadar,
BD30590074,BD3059,Sirajdikhan,
BD30590084,BD3059,Sreenagar,
BD30590094,BD3059,Tongibari,
BD30670002,BD3067,Araihazar,
BD30670006,BD3067,Bandar,
BD30670058,BD3067,Narayanganj Sadar,
BD30670068,BD3067,Rupganj,
BD30670004,BD3067,Sonargaon,
BD30680007,BD3068,Belabo,
BD30680052,BD3068,Manohardi,
BD30680060,BD3068,Narsingdi Sadar,
BD30680063,BD3068,Palash,
BD30680064,BD3068,Raipura,
BD30680076,BD3068,Shibpur,
BD30820007,BD3082,Baliakandi,
BD30820029,BD3082,Goalanda,
BD30820047,BD3082,Kalukhali,
BD30820073,BD3082,Pangsha,
BD30820076,BD3082,Rajbari Sadar,
BD30860014,BD3086,Bhedarganj,
BD30860025,BD3086,Damudya,
BD30860036,BD3086,Gosairhat,
BD30860065,BD3086,Naria,
BD30860069,BD3086,Shariatpur Sadar,
BD30860094,BD3086,Zajira,
BD30930009,BD3093,Basail,
BD30930019,BD3093,Bhuanpur,
BD30930023,BD3093,Delduar,
BD30930025,BD3093,Dhanbari,
BD30930028,BD3093,Ghatail,
BD30930038,BD3093,Gopalpur,
BD30930047,BD3093,Kalihati,
BD30930057,BD3093,Madhupur,
BD30930066,BD3093,Mirzapur,
BD30930076,BD3093,Nagarpur,
BD30930085,BD3093,Sakhipur,
BD30930095,BD3093,Tangail Sadar,
BD40010008,BD4001,Bagerhat Sadar,
BD40010014,BD4001,Chitalmari,
BD40010034,BD4001,Fakirhat,
BD40010038,BD4001,Kachua,
BD40010056,BD4001,Mollahat,
BD40010058,BD4001,Mongla,
BD40010060,BD4001,Morelganj,
BD40010073,BD4001,Rampal,
BD40010077,BD4001,Sharankhola,
BD40180007,BD4018,Alamdanga,
BD40180023,BD4018,Chuadanga Sadar,
BD40180031,BD4018,Damurhuda,
BD40180055,BD4018,Jibannagar,
BD40410004,BD4041,Abhaynagar,
BD40410009,BD4041,Bagharpara,
BD40410011,BD4041,Chaugachha,
BD40410047,BD4041,Jashore Sadar,
BD40410023,BD4041,Jhikargachha,
BD40410038,BD4041,Keshabpur,
BD40410061,BD4041,Manirampur,
BD40410090,BD4041,Sharsha,
BD40440014,BD4044,Harinakundu,
BD40440019,BD4044,Jhenaidah Sadar,
BD40440033,BD4044,Kaliganj,
BD40440042,BD4044,Kotchandpur,
BD40440071,BD4044,Maheshpur,
BD40440080,BD4044,Shailkupa,
BD40470012,BD4047,Batiaghata,
BD40470017,BD4047,Dacope,
BD40470040,BD4047,Dighalia,
BD40470030,BD4047,Dumuria,
BD40470053,BD4047,Koyra,
BD40470064,BD4047,Paikgachha,
BD40470069,BD4047,Phultala,
BD40470075,BD4047,Rupsa,
BD40470094,BD4047,Terokhada,
BD40500015,BD4050,Bheramara,
BD40500039,BD4050,Daulatpur,
BD40500063,BD4050,Khoksa,
BD40500071,BD4050,Kumarkhali,
BD40500079,BD4050,Kushtia Sadar,
BD40500094,BD4050,Mirpur,
BD40550057,BD4055,Magura Sadar,
BD40550066,BD4055,Mohammadpur,
BD40550085,BD4055,Shalikha,
BD40550095,BD4055,Sreepur,
BD40570047,BD4057,Gangni,
BD40570087,BD4057,Meherpur Sadar,
BD40570060,BD4057,Mujibnagar,
BD40650028,BD4065,Kalia,
BD40650052,BD4065,Lohagara,
BD40650076,BD4065,Narail Sadar,
BD40870004,BD4087,Ashashuni,
BD40870025,BD4087,Debhata,
BD40870043,BD4087,Kalaroa,
BD40870047,BD4087,Kaliganj,
BD40870082,BD4087,Satkhira Sadar,
BD40870086,BD4087,Shyamnagar,
BD40870090,BD4087,Tala,
BD50100006,BD5010,Adamdighi,
BD50100020,BD5010,Bogura Sadar,
BD50100027,BD5010,Dhunat,
BD50100033,BD5010,Dupchachia,
BD50100040,BD5010,Gabtali,
BD50100054,BD5010,Kahaloo,
BD50100067,BD5010,Nandigram,
BD50100081,BD5010,Sariakandi,
BD50100085,BD5010,Shajahanpur,
BD50100088,BD5010,Sherpur,
BD50100094,BD5010,Shibganj,
BD50100095,BD5010,Sonatala,
BD50700018,BD5070,Bholahat,
BD50700066,BD5070,Chapainawabganj Sadar,
BD50700037,BD5070,Gomastapur,
BD50700056,BD5070,Nachole,
BD50700088,BD5070,Shibganj,
BD50380013,BD5038,Akkelpur,
BD50380047,BD5038,Joypurhat Sadar,
BD50380058,BD5038,Kalai,
BD50380061,BD5038,Khetlal,
BD50380074,BD5038,Panchbibi,
BD50640003,BD5064,Atrai,
BD50640006,BD5064,Badalgachhi,
BD50640028,BD5064,Dhamoirhat,
BD50640050,BD5064,Mahadebpur,
BD50640047,BD5064,Manda,
BD50640060,BD5064,Naogaon Sadar,
BD50640069,BD5064,Niamatpur,
BD50640075,BD5064,Patnitala,
BD50640079,BD5064,Porsha,
BD50640085,BD5064,Raninagar,
BD50640086,BD5064,Sapahar,
BD50690009,BD5069,Bagatipara,
BD50690015,BD5069,Baraigram,
BD50690041,BD5069,Gurudaspur,
BD50690044,BD5069,Lalpur,
BD50690055,BD5069,Naldanga,
BD50690063,BD5069,Natore Sadar,
BD50690091,BD5069,Singra,
BD50760005,BD5076,Atgharia,
BD50760016,BD5076,Bera,
BD50760019,BD5076,Bhangura,
BD50760022,BD5076,Chatmohar,
BD50760033,BD5076,Faridpur,
BD50760039,BD5076,Ishwardi,
BD50760055,BD5076,Pabna Sadar,
BD50760072,BD5076,Santhia,
BD50760083,BD5076,Sujanagar,
BD50810010,BD5081,Bagha,
BD50810012,BD5081,Bagmara,
BD50810025,BD5081,Charghat,
BD50810031,BD5081,Durgapur,
BD50810034,BD5081,Godagari,
BD50810053,BD5081,Mohanpur,
BD50810072,BD5081,Paba,
BD50810082,BD5081,Puthia,
BD50810094,BD5081,Tanore,
BD50880011,BD5088,Belkuchi,
BD50880027,BD5088,Chouhali,
BD50880044,BD5088,Kamarkhanda,
BD50880050,BD5088,Kazipur,
BD50880061,BD5088,Rayganj,
BD50880067,BD5088,Shahjadpur,
BD50880078,BD5088,Sirajganj Sadar,
BD50880089,BD5088,Tarash,
BD50880094,BD5088,Ullapara,
BD10040009,BD1004,Amtali,
BD10040019,BD1004,Bamna,
BD10040028,BD1004,Barguna Sadar,
BD10040047,BD1004,Betagi,
BD10040085,BD1004,Patharghata,
BD10040090,BD1004,Taltali,
BD10060002,BD1006,Agailjhara,
BD10060003,BD1006,Babuganj,
BD10060007,BD1006,Bakerganj,
BD10060010,BD1006,Banaripara,
BD10060051,BD1006,Barishal Sadar (Kotwali),
BD10060032,BD1006,Gaurnadi,
BD10060036,BD1006,Hijla,
BD10060062,BD1006,Mehendiganj,
BD10060069,BD1006,Muladi,
BD10060094,BD1006,Ujirpur,
BD10090018,BD1009,Bhola Sadar,
BD10090021,BD1009,Borhanuddin,
BD10090025,BD1009,Charfasson,
BD10090029,BD1009,Daulatkhan,
BD10090054,BD1009,Lalmohan,
BD10090065,BD1009,Monpura,
BD10090091,BD1009,Tazumuddin,
BD10420040,BD1042,Jhalokathi Sadar,
BD10420043,BD1042,Kanthalia,
BD10420073,BD1042,Nalchhity,
BD10420084,BD1042,Rajapur,
BD10780038,BD1078,Bauphal,
BD10780052,BD1078,Dashmina,
BD10780055,BD1078,Dumki,
BD10780057,BD1078,Galachipa,
BD10780066,BD1078,Kalapara,
BD10780076,BD1078,Mirzaganj,
BD10780095,BD1078,Patuakhali Sadar,
BD10780097,BD1078,Rangabali,
BD10790014,BD1079,Bhandaria,
BD10790090,BD1079,Indurkani,
BD10790047,BD1079,Kawkhali,
BD10790058,BD1079,Mathbaria,
BD10790076,BD1079,Nazirpur,
BD10790087,BD1079,Nesarabad (Swarupkathi),
BD10790080,BD1079,Pirojpur Sadar,
BD45390007,BD4539,Bakshiganj,
BD45390015,BD4539,Dewanganj,
BD45390029,BD4539,Islampur,
BD45390036,BD4539,Jamalpur Sadar,
BD45390058,BD4539,Madarganj,
BD45390061,BD4539,Melandaha,
BD45390085,BD4539,Sarishabari,
BD45610013,BD4561,Bhaluka,
BD45610016,BD4561,Dhobaura,
BD45610020,BD4561,Fulbaria,
BD45610081,BD4561,Fulpur,
BD45610022,BD4561,Gafargaon,
BD45610023,BD4561,Gouripur,
BD45610024,BD4561,Haluaghat,
BD45610031,BD4561,Ishwarganj,
BD45610065,BD4561,Muktagachha,
BD45610052,BD4561,Mymensingh Sadar,
BD45610072,BD4561,Nandail,
BD45610088,BD4561,Tarakanda,
BD45610094,BD4561,Trishal,
BD45720004,BD4572,Atpara,
BD45720009,BD4572,Barhatta,
BD45720018,BD4572,Durgapur,
BD45720040,BD4572,Kalmakanda,
BD45720047,BD4572,Kendua,
BD45720038,BD4572,Khaliajuri,
BD45720056,BD4572,Madan,
BD45720063,BD4572,Mohanganj,
BD45720074,BD4572,Netrakona Sadar,
BD45720083,BD4572,Purbadhala,
BD45890037,BD4589,Jhenaigati,
BD45890067,BD4589,Nakla,
BD45890070,BD4589,Nalitabari,
BD45890088,BD4589,Sherpur Sadar,
BD45890090,BD4589,Sreebardi,
BD55270010,BD5527,Birampur,
BD55270012,BD5527,Birganj,
BD55270017,BD5527,Birol,
BD55270021,BD5527,Bochaganj,
BD55270030,BD5527,Chirirbandar,
BD55270064,BD5527,Dinajpur Sadar,
BD55270038,BD5527,Fulbari,
BD55270043,BD5527,Ghoraghat,
BD55270047,BD5527,Hakimpur,
BD55270056,BD5527,Kaharole,
BD55270060,BD5527,Khansama,
BD55270069,BD5527,Nababganj,
BD55270077,BD5527,Parbatipur,
BD55320021,BD5532,Fulchhari,
BD55320024,BD5532,Gaibandha Sadar,
BD55320030,BD5532,Gobindaganj,
BD55320067,BD5532,Palashbari,
BD55320082,BD5532,Sadullapur,
BD55320088,BD5532,Saghata,
BD55320091,BD5532,Sundarganj,
BD55490006,BD5549,Bhurungamari,
BD55490009,BD5549,Chilmari,
BD55490052,BD5549,Kurigram Sadar,
BD55490061,BD5549,Nageshwari,
BD55490018,BD5549,Phulbari,
BD55490077,BD5549,Rajarhat,
BD55490008,BD5549,Rajibpur,
BD55490079,BD5549,Roumari,
BD55490094,BD5549,Ulipur,
BD55520002,BD5552,Aditmari,
BD55520033,BD5552,Hatibandha,
BD55520039,BD5552,Kaliganj,
BD55520055,BD5552,Lalmonirhat Sadar,
BD55520070,BD5552,Patgram,
BD55730012,BD5573,Dimla,
BD55730015,BD5573,Domar,
BD55730036,BD5573,Jaldhaka,
BD55730045,BD5573,Kishoreganj,
BD55730064,BD5573,Nilphamari Sadar,
BD55730085,BD5573,Saidpur,
BD55770004,BD5577,Atowari,
BD55770025,BD5577,Boda,
BD55770034,BD5577,Debiganj,
BD55770073,BD5577,Panchagarh Sadar,
BD55770090,BD5577,Tentulia,
BD55850003,BD5585,Badarganj,
BD55850027,BD5585,Gangachara,
BD55850042,BD5585,Kaunia,
BD55850058,BD5585,Mithapukur,
BD55850073,BD5585,Pirgachha,
BD55850076,BD5585,Pirganj,
BD55850049,BD5585,Rangpur Sadar,
BD55850092,BD5585,Taraganj,
BD55940008,BD5594,Baliadangi,
BD55940051,BD5594,Haripur,
BD55940082,BD5594,Pirganj,
BD55940086,BD5594,Ranishankail,
BD55940094,BD5594,Thakurgaon Sadar,
BD60360002,BD6036,Ajmiriganj,
BD60360005,BD6036,Bahubal,
BD60360011,BD6036,Baniachong,
BD60360026,BD6036,Chunarughat,
BD60360044,BD6036,Habiganj Sadar,
BD60360068,BD6036,Lakhai,
BD60360071,BD6036,Madhabpur,
BD60360077,BD6036,Nabiganj,
BD60360087,BD6036,Shayestaganj,
BD60580014,BD6058,Baralekha,
BD60580035,BD6058,Juri,
BD60580056,BD6058,Kamalganj,
BD60580065,BD6058,Kulaura,
BD60580074,BD6058,Moulvibazar Sadar,
BD60580080,BD6058,Rajnagar,
BD60580083,BD6058,Sreemangal,
BD60900018,BD6090,Bishwambharpur,
BD60900023,BD6090,Chhatak,
BD60900029,BD6090,Derai,
BD60900032,BD6090,Dharmapasha,
BD60900033,BD6090,Dowarabazar,
BD60900047,BD6090,Jagannathpur,
BD60900050,BD6090,Jamalganj,
BD60900063,BD6090,Madhyanagar,
BD60900086,BD6090,Shalla,
BD60900087,BD6090,Shantiganj,
BD60900089,BD6090,Sunamganj Sadar,
BD60900092,BD6090,Tahirpur,
BD60910008,BD6091,Balaganj,
BD60910017,BD6091,Beanibazar,
BD60910020,BD6091,Bishwanath,
BD60910027,BD6091,Companiganj,
BD60910031,BD6091,Dakkhin Surma,
BD60910035,BD6091,Fenchuganj,
BD60910038,BD6091,Golapganj,
BD60910041,BD6091,Gowainghat,
BD60910053,BD6091,Jaintapur,
BD60910059,BD6091,Kanaighat,
BD60910060,BD6091,Osmaninagar,
BD60910062,BD6091,Sylhet Sadar,
BD60910094,BD6091,Zakiganj,
BD20151600,BD2015,Chattogram City Corporation,
BD20195000,BD2019,Cumilla City Corporation,
BD30262500,BD3026,Dhaka North City Corporation,
BD30262000,BD3026,Dhaka South City Corporation,
BD30333300,BD3033,Gazipur City Corporation,
BD30674400,BD3067,Narayanganj City Corporation,
BD40473300,BD4047,Khulna City Corporation,
BD50816600,BD5081,Rajshahi City Corporation,
BD10065000,BD1006,Barishal City Corporation,
BD45614000,BD4561,Mymensingh City Corporation,
BD55857500,BD5585,Rangpur City Corporation,
BD60915000,BD6091,Sylhet City Corporation,